{"initial_reset_timestamp": 1581367508.5718331, "timestamps": [1581367541.327446], "episode_lengths": [1206], "episode_rewards": [81.0], "episode_types": ["t"]}